health_score_change,vaccinated,vaccine_reminder,age,female,bmi,chronic_conditions,income_band
8.48,0,0,33.2,0,25.6,0,3
-1.93,0,1,33.1,1,28.3,1,0
4.67,0,0,57.8,0,22.4,0,0
3.26,0,1,46.1,1,25.8,1,0
-1.4,0,0,66.2,1,22.2,2,2
0.38,1,1,65.0,0,28.9,1,0
2.39,1,1,55.2,1,25.0,1,1
-2.38,0,1,59.9,1,28.1,0,1
6.5,1,1,61.7,0,27.1,2,1
-1.93,0,1,50.1,0,22.9,0,3
-3.98,0,1,73.9,0,23.1,0,1
2.96,0,1,18.0,1,23.6,0,2
3.87,1,1,37.5,0,21.2,0,0
9.49,0,0,63.1,1,19.1,1,2
4.21,1,1,48.2,1,25.3,0,0
3.6,1,1,50.0,1,27.9,0,1
3.91,0,1,44.3,0,21.1,1,0
-2.26,0,0,57.7,0,23.1,0,1
-0.15,0,0,51.6,0,25.5,0,0
-3.2,1,1,55.7,1,33.5,1,0
3.17,1,0,77.0,1,25.2,0,1
-1.65,0,0,40.3,0,20.4,0,2
3.78,1,1,76.2,0,24.4,0,0
-3.61,0,1,57.5,1,25.1,2,3
3.54,0,0,46.3,1,27.7,0,3
9.47,1,1,28.2,0,22.6,0,0
-5.53,0,0,87.9,0,24.4,2,0
10.17,1,1,72.7,1,27.7,2,2
-2.02,0,1,43.7,0,23.1,2,2
2.1,0,0,61.2,0,24.1,0,1
-3.29,1,1,60.1,1,19.6,1,1
-3.89,0,0,38.9,1,23.7,0,1
8.54,1,1,75.4,1,31.2,0,3
0.79,1,0,63.3,0,28.4,2,3
5.69,0,0,52.9,0,23.9,2,0
2.43,1,0,79.0,0,21.1,3,2
4.08,0,1,35.7,1,27.1,0,1
3.71,0,0,39.6,1,29.7,0,1
2.51,0,0,37.8,0,22.6,2,1
4.98,1,1,43.5,1,21.4,2,3
8.31,0,0,64.8,1,25.6,1,1
8.98,1,1,46.2,1,29.6,1,1
7.96,0,1,46.6,1,18.5,0,0
-0.54,0,0,19.0,0,27.1,0,0
5.59,1,0,34.7,1,19.2,1,0
-3.64,0,1,69.0,1,23.8,1,2
5.24,1,0,36.3,1,20.0,1,0
-0.75,0,0,47.2,0,24.5,0,2
6.35,1,1,47.4,1,28.3,0,0
-3.31,0,1,31.8,1,24.8,1,3
6.44,1,1,61.5,1,27.8,1,0
1.46,0,0,44.2,0,26.2,0,1
10.63,0,1,42.4,1,20.9,0,3
-0.01,0,0,55.6,1,17.8,0,3
1.56,0,1,49.1,1,31.4,0,2
3.82,1,0,44.3,0,29.1,1,3
4.75,1,0,53.9,1,22.4,0,3
0.13,1,0,59.5,0,20.0,1,2
1.88,0,0,32.8,1,28.3,0,0
1.98,0,1,36.9,1,26.0,0,1
-6.65,0,0,43.1,0,27.4,1,2
4.38,0,0,39.9,1,26.7,1,1
8.72,1,1,44.9,0,24.7,0,0
1.28,0,0,58.5,1,33.1,0,2
-3.24,0,1,75.0,0,29.3,0,2
6.42,0,0,63.4,0,24.7,1,1
2.25,0,0,77.1,1,23.5,1,2
-0.44,0,0,90.0,0,28.8,0,3
1.03,1,1,21.7,0,26.2,0,1
3.66,0,1,87.2,1,31.6,0,1
10.02,0,1,56.7,0,23.9,2,1
0.95,1,1,43.1,1,26.1,0,3
2.06,0,0,50.7,0,16.0,1,1
2.17,0,1,39.6,0,31.9,2,0
-4.6,0,1,76.7,1,27.5,0,3
8.31,1,1,18.0,1,23.2,0,2
4.9,1,0,65.5,0,25.4,0,2
10.12,1,0,51.0,0,29.1,0,0
5.43,0,0,32.5,1,24.8,2,2
6.12,1,1,38.4,1,31.8,1,1
4.53,0,0,20.4,1,23.8,1,1
2.31,0,0,28.5,0,28.4,2,0
0.62,0,0,62.0,0,28.7,0,2
0.28,0,0,54.8,1,29.6,2,0
10.09,0,0,44.1,0,30.5,1,0
-0.93,0,1,54.4,1,28.4,1,1
-4.15,0,1,42.9,0,26.3,0,1
1.5,0,1,38.3,0,31.4,3,0
2.44,0,1,35.9,0,26.5,1,1
-2.39,0,1,73.7,0,33.7,0,1
4.17,1,0,55.1,1,17.9,1,1
5.43,1,1,54.0,0,24.0,0,1
-1.31,0,1,63.1,0,30.4,2,1
4.37,0,0,36.8,0,20.8,2,2
1.38,1,0,72.6,1,28.0,3,0
4.08,1,1,40.0,1,21.2,0,2
6.58,1,0,49.8,0,22.5,0,2
0.15,0,1,56.1,1,22.4,3,2
10.23,1,1,31.9,1,32.9,2,0
-2.7,1,0,58.9,1,24.6,0,1
-2.99,0,0,73.6,0,30.4,2,3
-2.05,1,0,62.2,1,35.1,2,3
1.68,0,1,40.1,0,26.6,0,1
-5.04,0,0,50.6,1,21.2,2,0
-2.37,1,0,57.3,0,20.4,2,0
7.28,0,1,59.5,1,26.5,0,1
0.86,0,0,54.3,0,30.9,0,1
0.0,0,1,50.5,1,25.8,1,3
4.5,1,1,66.6,1,23.7,1,2
-1.64,1,1,70.9,0,24.8,0,0
-0.95,0,1,46.3,0,34.1,0,2
5.4,1,1,53.7,0,23.0,0,1
4.26,1,1,35.4,1,23.8,2,3
1.27,1,1,51.3,0,23.8,0,1
0.86,0,1,28.4,0,27.3,0,1
1.46,0,0,45.1,1,27.3,0,0
1.57,0,0,55.1,0,27.9,0,3
-0.83,0,1,51.7,0,18.4,2,2
2.05,0,1,63.3,1,21.2,0,3
6.14,0,0,68.4,0,29.7,0,0
2.92,0,0,28.3,1,34.7,0,1
6.65,1,0,40.0,1,27.4,1,0
1.61,0,1,53.1,0,29.1,0,2
8.66,1,0,18.0,0,31.2,1,1
0.71,0,1,64.2,1,24.7,1,0
-0.51,0,0,57.9,1,29.3,1,0
1.9,0,0,58.0,1,21.0,1,3
1.04,0,1,85.0,0,25.9,1,1
5.52,1,1,48.6,1,28.3,0,2
-1.2,1,1,36.6,1,26.4,0,1
4.53,0,1,72.8,1,26.5,0,3
0.59,0,1,70.7,1,23.5,2,0
3.51,0,0,59.8,0,16.0,0,1
4.34,0,1,56.0,0,21.6,1,2
-0.89,0,1,61.7,0,27.4,1,0
-0.27,0,0,38.4,0,23.5,3,1
0.77,1,1,26.1,0,28.3,0,0
4.6,0,0,72.1,0,26.3,0,1
0.35,0,0,42.5,1,24.2,0,2
-0.54,0,0,58.7,0,21.3,0,2
1.5,0,0,56.1,1,28.1,0,0
5.85,0,1,37.5,0,24.1,3,0
2.16,0,1,57.6,1,21.6,1,0
-1.73,0,0,66.6,1,27.7,1,1
6.19,1,0,75.3,0,31.5,0,2
7.97,0,0,51.4,1,24.6,1,2
5.79,1,1,36.5,1,27.6,0,0
6.95,0,1,51.6,1,29.2,0,1
5.78,0,0,54.5,1,32.2,1,2
5.8,1,1,35.1,1,25.1,0,2
-3.09,0,1,62.0,1,22.6,0,3
-3.43,0,1,66.1,1,26.8,0,1
9.64,1,1,70.3,1,22.0,0,1
1.98,0,1,51.0,0,18.3,1,0
-0.13,0,1,37.1,0,30.8,0,0
-0.8,0,0,35.3,1,24.5,0,0
-1.57,0,0,58.9,1,27.7,1,2
4.23,0,1,79.6,1,25.4,0,3
0.89,0,0,49.7,1,26.7,2,1
-4.2,0,1,64.4,1,27.0,1,3
5.85,1,1,61.0,1,24.3,1,1
0.96,0,1,50.3,1,26.6,1,0
-6.02,0,0,65.5,0,28.7,2,1
-1.23,0,1,49.7,1,28.9,0,0
-2.4,0,0,69.7,1,27.3,0,0
3.01,0,1,56.7,0,25.4,1,0
1.22,1,0,62.1,0,20.6,1,0
2.74,0,0,67.3,0,30.3,1,3
3.24,1,1,18.0,1,21.0,0,1
6.34,0,0,36.8,0,18.3,0,3
4.96,0,0,34.3,0,30.6,0,2
-4.79,0,0,82.8,1,26.9,0,2
4.14,0,1,43.6,1,17.7,0,1
1.84,1,0,74.0,0,28.2,0,0
2.41,0,1,42.0,1,35.0,0,1
1.71,0,0,55.8,1,26.5,0,2
0.66,0,0,35.2,1,23.0,1,2
2.38,0,0,45.8,0,18.3,0,0
2.14,0,1,54.1,0,21.2,0,1
2.83,0,0,35.9,1,28.6,0,2
4.86,0,1,56.8,1,23.6,0,2
3.49,1,1,53.7,1,31.8,0,3
-0.27,1,0,46.7,1,26.5,1,0
6.37,1,0,64.2,1,23.1,1,2
3.04,0,1,72.7,1,23.5,1,0
-0.79,0,1,55.2,0,26.8,1,0
-4.98,1,1,55.8,0,25.1,0,1
5.58,1,0,48.5,1,31.2,0,0
2.35,1,0,60.3,0,28.6,0,3
1.9,1,0,71.2,1,32.6,1,2
2.18,0,1,51.8,0,22.0,0,1
-3.56,0,0,71.7,1,27.6,2,2
9.65,1,1,41.0,0,22.5,0,2
0.9,0,1,71.2,0,25.3,0,2
-2.13,1,1,61.9,0,18.8,2,0
4.32,0,0,70.5,1,25.0,3,0
-0.92,1,1,51.3,0,18.0,1,1
-0.92,1,1,47.8,0,23.8,1,1
-0.37,0,0,63.1,1,27.0,0,3
2.87,1,0,55.6,0,26.6,0,0
-4.79,0,0,75.5,0,32.5,0,1
-1.21,0,1,58.7,1,23.5,1,0
-2.0,0,0,90.0,1,29.5,0,1
1.89,0,1,59.2,0,21.8,0,3
3.67,0,1,33.1,1,23.2,3,1
2.28,0,1,30.8,0,28.2,1,1
6.54,0,1,57.1,1,19.3,0,0
1.53,1,0,41.0,1,21.0,0,1
10.19,1,0,52.7,0,27.2,0,2
4.53,1,1,62.5,1,24.6,3,1
-1.69,0,1,45.3,0,27.4,0,1
-4.91,0,0,43.3,0,24.5,0,1
-5.74,0,0,52.8,1,30.5,2,1
1.71,0,1,32.0,0,24.6,0,2
5.6,1,0,20.7,0,29.0,1,0
0.26,1,0,59.3,0,29.6,3,2
6.62,0,0,66.9,0,22.1,0,1
7.42,0,0,42.0,1,24.1,2,1
-0.96,0,1,34.7,0,24.7,1,0
6.26,1,0,31.8,0,28.4,0,1
3.13,0,1,49.9,1,24.8,2,2
6.02,1,0,44.2,1,23.5,2,1
-0.19,1,1,49.2,1,21.4,0,3
-1.77,0,0,23.4,0,17.6,2,2
-1.99,1,0,43.6,0,26.2,0,1
-4.08,0,0,58.7,1,24.9,1,2
0.63,1,1,34.9,0,27.1,0,1
-1.52,1,1,55.7,0,28.4,3,2
-4.59,0,1,51.7,0,31.9,0,2
2.24,0,1,51.4,0,24.3,2,2
3.22,0,0,40.0,1,21.6,0,1
1.0,0,0,71.8,1,25.5,1,0
4.46,1,1,54.8,0,21.6,0,1
4.94,1,0,71.0,0,29.7,1,1
0.37,0,0,30.7,0,20.4,0,0
2.77,0,1,77.8,1,27.9,0,2
-8.26,0,0,50.9,0,26.7,1,2
3.96,0,0,29.2,1,26.8,0,2
3.58,0,1,55.1,1,21.1,0,0
6.51,1,0,27.8,1,25.4,2,3
-3.77,0,1,47.6,0,24.1,2,3
0.11,1,1,64.7,0,28.6,0,1
-1.83,0,0,73.9,0,26.6,1,0
-1.55,0,1,60.3,1,28.8,2,1
-0.52,0,0,43.9,0,28.8,0,0
1.9,1,0,58.8,1,27.6,1,1
1.29,0,1,70.7,0,17.6,2,3
3.19,0,0,61.4,1,34.0,1,1
-3.07,0,0,53.2,1,22.0,0,1
-2.15,0,1,60.3,0,27.9,1,2
0.4,0,0,50.8,0,27.5,1,2
-4.72,0,1,78.1,0,26.8,1,2
0.57,0,1,26.0,0,18.2,1,3
-2.4,0,1,66.2,1,24.1,1,0
4.06,1,1,56.1,1,22.6,0,3
2.92,0,1,48.2,0,24.7,1,0
8.97,0,0,51.1,1,22.8,2,0
-4.27,0,0,78.4,0,17.7,0,2
-0.0,0,0,80.5,1,23.0,1,0
-5.18,0,1,50.0,0,23.6,3,1
4.64,1,0,33.2,1,26.9,2,2
0.94,0,0,18.0,0,27.9,1,1
0.85,1,1,25.5,1,20.2,1,1
5.93,1,0,35.7,0,17.5,0,2
6.59,0,1,32.8,1,26.2,3,0
-4.75,0,1,68.7,1,23.6,0,2
2.68,1,0,52.4,0,22.6,1,0
1.63,0,0,31.4,1,19.0,0,2
0.94,0,0,18.0,0,18.1,0,1
-0.35,0,1,45.3,1,27.5,0,2
-4.13,0,1,47.6,1,29.5,1,1
0.17,0,0,40.6,0,25.9,2,2
-5.51,0,1,54.9,1,20.9,1,2
0.57,0,0,48.6,1,16.4,0,1
1.68,1,1,44.0,1,28.7,0,0
6.98,1,0,48.2,1,22.5,1,1
6.31,1,0,37.5,1,27.1,1,1
3.68,0,0,31.5,1,23.3,3,0
3.73,1,1,47.8,1,22.5,0,1
0.43,0,1,49.7,1,16.8,0,0
-0.51,1,1,48.2,1,25.0,1,2
1.17,0,0,33.5,0,31.7,0,1
7.93,0,0,33.9,1,24.7,1,2
2.46,0,0,49.0,1,24.4,3,2
3.43,0,1,36.5,1,26.7,1,1
9.18,1,1,47.1,1,23.8,0,2
1.41,0,1,61.2,1,23.8,0,2
-0.9,0,1,60.8,0,20.5,1,3
2.21,0,0,81.7,0,30.6,1,3
6.03,0,0,25.9,1,24.5,1,0
4.91,0,1,53.7,0,16.7,0,1
1.02,0,0,51.2,0,21.3,1,0
1.58,1,0,44.4,0,22.6,0,0
-3.71,0,0,59.9,0,29.0,0,0
5.85,1,0,59.3,1,23.2,1,1
3.95,1,0,56.6,0,21.2,0,1
-1.87,0,0,36.8,1,25.0,0,1
-3.49,0,1,69.3,0,25.7,3,0
6.47,1,1,23.4,1,25.9,0,3
1.12,0,0,39.6,1,23.4,2,1
9.01,0,1,54.6,1,37.2,1,1
-1.76,0,0,74.8,1,27.4,0,2
0.89,0,1,31.7,1,23.5,0,2
-3.68,0,1,70.2,1,24.6,0,2
2.87,1,0,79.2,0,32.8,2,2
2.28,0,1,24.5,1,22.5,3,2
-2.24,1,0,57.3,1,29.6,1,1
4.18,1,1,62.9,1,25.1,2,2
7.04,1,1,27.5,0,22.0,0,2
2.22,1,0,60.1,1,29.8,0,0
1.84,0,0,31.9,0,30.5,0,0
6.42,1,0,59.6,1,33.0,2,1
2.12,1,0,62.3,0,21.4,0,2
4.69,1,0,47.7,0,19.3,2,2
3.36,0,1,68.8,0,25.9,0,2
-0.5,0,1,31.7,0,30.0,0,2
-5.31,1,0,57.4,0,34.7,1,2
-4.73,0,0,73.7,0,28.7,0,0
2.69,0,1,54.7,1,18.2,0,1
8.85,1,0,33.1,0,23.5,0,2
0.84,1,1,81.1,0,16.0,0,3
4.91,0,1,18.0,1,23.6,2,1
4.08,1,1,63.9,1,20.2,1,2
0.86,0,0,53.9,0,28.8,1,0
1.26,1,1,47.2,0,25.9,2,2
1.59,1,1,53.4,1,26.6,1,2
0.09,0,1,53.1,1,20.1,2,3
-0.83,0,0,52.4,1,27.2,0,0
-2.3,0,1,42.3,1,22.4,1,2
-1.98,0,0,47.9,0,28.9,0,1
3.55,1,0,48.5,1,22.2,0,2
-7.33,0,1,49.5,1,22.6,3,2
-0.11,0,1,58.9,1,25.6,1,0
2.53,0,1,43.5,0,24.7,3,2
-1.05,0,1,67.9,1,24.2,3,0
5.8,1,1,47.7,0,31.9,2,2
8.48,1,0,56.2,1,25.8,0,2
-1.09,0,0,54.0,0,29.7,2,0
3.63,1,0,34.9,1,26.8,2,2
1.37,1,0,49.7,1,21.4,2,2
4.9,0,1,30.4,1,24.5,0,1
-0.19,1,0,72.6,1,26.0,0,1
0.29,1,1,55.6,0,25.8,0,2
3.25,0,0,55.8,1,24.5,1,0
3.54,0,1,38.9,0,19.4,0,3
-0.33,1,0,30.6,1,26.7,2,0
9.87,1,0,73.1,1,29.8,1,0
-2.91,0,0,42.4,1,28.3,1,1
5.63,1,0,62.6,1,22.3,0,0
1.08,0,0,48.2,0,25.6,0,1
2.14,0,1,42.6,1,26.5,1,2
-0.58,0,0,48.2,1,23.6,3,1
1.57,1,0,68.7,0,24.7,2,1
1.92,0,0,35.7,1,27.0,0,2
-3.99,0,1,77.0,1,27.3,0,2
4.78,1,1,60.6,0,27.4,0,1
1.15,0,1,39.7,1,27.9,0,2
0.86,1,1,44.4,1,26.4,0,2
0.84,1,0,50.7,0,25.4,2,3
0.81,0,1,53.9,1,21.1,3,1
4.02,0,0,68.4,0,35.5,0,1
4.01,0,1,50.4,1,18.6,0,2
6.99,1,1,47.5,0,25.8,1,1
4.23,0,1,58.3,0,27.7,0,2
2.3,1,0,46.4,1,24.1,2,1
2.31,1,0,59.2,1,22.8,1,2
9.93,1,1,59.5,1,23.2,1,1
1.5,0,1,70.3,1,27.7,2,0
3.86,1,1,50.5,1,30.0,1,0
-0.49,1,1,46.6,1,27.8,1,0
0.03,0,1,38.2,1,18.8,1,2
9.77,1,0,53.6,1,27.1,0,2
1.46,1,0,54.4,0,25.5,2,2
2.35,1,1,56.0,1,23.5,0,0
1.3,0,1,48.9,0,28.8,3,0
2.97,1,1,68.8,1,22.9,1,2
4.83,1,1,51.4,0,28.3,2,3
1.28,1,0,61.3,1,30.0,0,1
3.45,1,1,30.9,0,38.5,0,0
-1.1,1,0,62.2,0,26.0,3,0
4.24,1,1,39.1,1,23.8,1,1
0.83,0,1,73.8,0,24.8,2,2
1.86,1,1,45.9,0,17.9,0,1
0.95,0,0,34.2,0,24.7,0,1
7.73,1,0,46.4,0,24.9,0,1
-3.3,0,0,38.4,0,17.8,0,3
10.49,1,0,25.0,0,16.7,1,1
0.36,0,0,58.4,0,21.6,0,1
-0.18,0,0,68.3,0,24.4,2,1
-0.45,0,1,50.0,1,30.4,0,3
-2.13,1,1,27.1,0,27.4,1,2
-2.8,0,0,64.2,0,26.5,0,0
2.03,1,1,54.3,0,18.4,2,1
0.76,1,1,50.4,1,25.2,0,1
3.04,0,1,31.4,0,27.8,0,0
-4.28,0,0,82.0,0,27.9,2,0
-0.54,0,0,45.6,0,19.5,0,2
5.82,1,1,57.8,0,21.4,1,0
-0.71,0,1,44.7,0,25.1,0,2
1.01,1,0,48.3,0,17.9,1,2
1.9,0,1,43.3,0,23.8,1,1
6.2,0,0,73.3,0,28.5,0,1
2.06,1,0,59.6,0,17.4,1,2
6.01,1,0,31.3,1,24.6,0,2
4.59,0,0,41.7,0,30.7,0,0
3.23,0,1,62.5,0,26.2,2,0
-1.4,0,0,45.5,1,30.8,3,1
4.05,0,1,61.4,1,19.4,0,3
-0.08,0,0,54.4,0,27.9,2,0
6.0,1,0,39.9,0,24.6,2,3
5.88,1,1,40.6,0,24.1,2,3
-5.96,0,0,53.5,1,21.3,3,1
3.77,1,1,53.0,1,30.2,2,3
-3.06,0,1,48.4,1,20.4,0,2
5.41,0,0,41.0,1,27.9,0,2
2.62,1,1,52.4,1,20.4,3,1
-1.94,0,1,40.5,1,29.2,0,2
6.87,1,0,70.7,0,16.0,0,0
1.37,0,1,62.0,0,27.2,1,1
7.36,0,0,47.6,0,21.5,0,1
7.46,1,1,66.8,1,21.3,0,0
-0.07,0,1,35.2,0,29.3,1,2
1.53,0,1,53.7,0,29.7,0,1
1.33,0,1,37.9,0,21.6,1,3
-2.69,0,0,36.7,1,25.8,2,0
3.74,1,0,40.0,1,20.1,1,1
2.05,1,0,73.8,1,25.5,1,2
3.36,1,0,52.5,0,27.3,2,0
6.13,0,0,40.2,0,22.5,0,0
-1.83,0,1,47.3,1,25.5,0,0
0.07,0,0,55.2,1,21.9,0,0
-3.59,0,0,22.4,1,19.0,0,1
9.3,1,1,44.2,0,18.3,0,2
1.06,0,0,72.7,1,26.6,0,2
1.3,0,0,31.6,0,27.1,1,0
-0.61,0,1,44.0,1,29.6,0,0
-0.79,0,0,29.3,1,22.2,1,0
-0.0,0,1,34.6,0,23.7,1,0
2.53,0,0,35.4,1,29.6,2,0
3.02,0,1,67.4,1,32.6,0,0
3.5,0,0,43.9,1,23.2,0,2
3.63,1,1,18.0,0,22.3,0,2
-1.71,0,0,22.8,0,24.7,3,1
-0.21,0,0,47.8,1,28.7,3,0
4.32,0,1,57.6,0,21.8,2,3
8.33,1,1,51.6,1,27.1,0,0
-0.83,0,0,45.5,0,28.0,0,1
5.56,1,1,40.7,0,25.3,0,0
2.27,1,1,57.5,1,22.2,1,2
2.92,1,0,53.7,1,27.2,1,1
3.66,0,0,32.4,0,21.4,1,2
-3.94,0,1,55.6,1,29.6,0,3
6.14,0,1,68.8,1,30.3,0,2
5.6,1,1,69.7,0,29.2,0,0
4.49,1,1,69.6,1,21.6,0,1
-2.33,1,1,55.9,1,28.0,1,0
1.54,1,1,57.7,1,28.8,1,3
0.74,0,0,52.0,0,23.6,0,0
-0.96,0,0,65.7,0,27.8,3,0
4.05,0,0,71.4,1,25.4,0,0
6.3,1,1,61.0,0,29.6,0,0
0.14,1,0,81.8,1,23.1,0,2
-1.12,0,0,58.4,0,25.9,1,1
-2.78,0,1,46.3,1,28.2,0,1
1.3,1,0,30.4,0,26.1,1,3
-1.99,0,0,60.1,1,29.2,0,1
2.9,1,0,48.1,1,28.8,0,2
-0.65,1,0,46.2,1,24.2,1,1
5.43,0,1,61.2,1,31.3,0,0
2.2,1,1,42.2,0,22.7,0,2
-4.81,0,1,64.4,1,25.9,0,0
1.91,0,1,64.0,0,20.0,2,0
-1.47,0,1,62.9,1,24.1,2,1
9.11,1,0,54.1,0,24.9,0,0
3.22,1,1,51.3,0,21.9,0,1
-3.46,0,0,20.0,1,25.8,1,2
4.86,0,0,40.7,0,26.0,0,1
1.27,0,0,58.2,1,21.8,1,0
1.26,0,0,27.1,0,17.7,1,0
4.39,0,0,61.9,0,16.0,0,2
1.73,0,1,90.0,1,27.4,1,1
4.81,0,0,41.4,1,23.4,1,1
4.72,0,1,40.4,1,22.5,1,1
1.99,1,1,65.1,1,30.9,0,3
-0.09,1,0,49.4,1,22.0,2,1
2.66,0,0,34.8,0,23.9,0,1
5.49,0,1,33.6,1,27.4,2,0
-0.85,0,1,78.7,0,25.2,3,3
1.18,0,0,45.2,0,19.0,0,0
-2.58,1,1,48.7,0,25.5,0,3
-7.74,0,1,62.9,0,25.1,0,0
-3.65,0,1,59.6,0,23.8,1,0
10.44,1,0,74.2,1,27.5,1,0
3.89,0,0,28.0,1,20.1,0,2
-3.95,0,1,54.9,0,26.5,0,0
-2.4,0,0,54.7,0,21.7,2,1
4.85,0,1,31.0,1,29.4,3,1
3.57,1,1,19.8,0,31.2,0,0
8.21,1,0,39.7,0,23.3,0,2
0.92,1,1,72.5,1,23.9,0,2
