pid,A,M,Y,X
0,1.0,2.2578,-0.6951,-0.5734
1,0.0,1.7808,-0.0374,0.0192
2,1.0,-0.6599,0.4647,-0.1122
3,0.0,-0.5498,0.585,-0.3761
4,1.0,1.2135,-1.1081,1.4355
5,1.0,1.989,-1.9255,0.8418
6,0.0,1.7337,-1.0776,0.5146
7,1.0,1.6227,-2.0814,0.65
8,0.0,-0.3186,-2.2202,-1.1065
9,1.0,1.351,-0.9017,0.9375
10,0.0,-1.5694,-0.3551,-0.6329
11,0.0,2.555,-1.3819,-0.2082
12,1.0,0.6143,0.4002,1.2292
13,0.0,-0.1944,-1.0687,-1.3041
14,0.0,1.2963,-1.3828,-1.5956
15,0.0,0.0711,0.5966,-1.0556
16,1.0,1.4501,-1.6461,1.7898
17,0.0,-1.9836,2.5823,-0.0298
18,1.0,2.0966,-1.6301,0.7634
19,0.0,-0.0384,-0.6644,-0.4998
20,0.0,1.1746,-0.1429,-1.7637
21,0.0,-0.2879,0.4095,0.3194
22,1.0,3.3299,-2.069,0.8972
23,0.0,0.7884,-0.5749,-0.2357
24,0.0,0.4846,0.603,0.6814
25,0.0,-0.174,-1.6832,-0.8202
26,0.0,0.6101,0.03,0.6554
27,1.0,1.6235,-0.5437,0.8038
28,1.0,-0.581,1.1693,-0.8423
29,1.0,0.6194,0.4672,-0.5253
30,1.0,1.3344,-0.9393,-0.2724
31,0.0,0.1666,-0.6141,-1.7901
32,1.0,1.0274,-2.1389,0.228
33,0.0,0.3929,0.3118,-0.3921
34,0.0,0.2153,-1.5885,-0.2493
35,0.0,-1.109,-0.119,-0.3045
36,0.0,0.8167,-1.665,-1.878
37,0.0,-0.9683,-0.2087,-0.9236
38,1.0,1.0227,-2.3749,-1.0988
39,1.0,2.1443,-1.9639,0.9526
40,0.0,0.5702,-1.0523,-0.1391
41,0.0,-0.5912,1.5476,-0.9272
42,1.0,0.3852,-1.2357,0.4107
43,0.0,-0.3197,0.3381,-0.9686
44,0.0,1.3108,0.3521,-0.232
45,0.0,0.118,-1.5352,-0.4563
46,1.0,1.1541,-2.6592,-1.5304
47,0.0,2.0804,0.9553,-1.7743
48,0.0,-0.7056,-0.2257,-0.5094
49,1.0,2.0421,0.0731,-0.0146
50,1.0,0.685,1.1837,0.6914
51,0.0,1.9027,1.2809,-1.104
52,0.0,0.5287,0.2434,-0.4906
53,0.0,1.2321,-1.1007,-0.0126
54,0.0,0.7006,-0.6318,-0.2914
55,1.0,0.919,-2.2555,-0.7275
56,0.0,1.9159,-0.8092,0.9903
57,1.0,1.3734,1.1755,0.3819
58,0.0,0.3365,1.2503,1.3724
59,1.0,1.7922,0.0612,0.9353
60,0.0,-1.1104,-0.545,0.948
61,0.0,1.0509,-0.0529,0.3682
62,0.0,1.4187,0.6155,-1.7407
63,0.0,1.651,0.9686,0.6743
64,0.0,1.8106,-0.2368,0.8573
65,0.0,0.1103,1.4583,0.0805
66,1.0,1.1602,-1.0843,-0.0793
67,0.0,-1.2267,0.0327,-0.7376
68,1.0,1.3115,0.7801,-0.7491
69,0.0,-0.1204,1.4686,1.206
70,0.0,-1.4984,0.4185,-0.7442
71,0.0,-1.6111,-2.4112,-2.0807
72,0.0,2.2419,-2.4428,-0.1751
73,0.0,0.7403,0.0642,-0.7078
74,0.0,1.4911,0.5255,-0.9624
75,1.0,1.2015,-0.6183,0.4443
76,1.0,0.4865,-2.1734,-2.5518
77,1.0,1.2585,-1.3002,0.2261
78,1.0,1.4782,-0.8512,-0.45
79,0.0,-1.4492,0.2399,-0.808
80,1.0,2.7226,-1.3474,-0.7294
81,1.0,0.7656,-2.7411,-0.247
82,1.0,2.7008,-0.8247,1.9759
83,1.0,1.9633,-2.4882,0.0848
84,1.0,-0.1519,-0.6979,0.0839
85,1.0,4.1349,-2.9187,0.9753
86,0.0,-0.0552,0.6932,0.218
87,1.0,0.2664,-0.7607,0.2988
88,0.0,-1.0116,-0.1331,-0.8714
89,1.0,1.886,-2.8503,-0.9631
90,1.0,1.265,-0.9146,-0.0906
91,1.0,1.2081,-1.4208,-0.5278
92,1.0,1.7582,-2.3804,-0.1975
93,1.0,0.8501,-1.7586,-1.1149
94,1.0,2.0197,-2.3367,1.3569
95,1.0,1.7851,-0.5651,0.2617
96,0.0,0.5686,-2.7238,-0.8281
97,0.0,-0.8778,0.4657,-0.347
98,0.0,-0.2338,-0.4473,0.3805
99,1.0,2.5605,-5.2948,0.035
100,0.0,-0.1532,2.3606,-0.6327
101,0.0,-0.0192,-0.3497,-1.2189
102,0.0,0.6112,0.0276,0.3645
103,1.0,3.0768,-3.6358,0.6325
104,0.0,-0.0289,-0.04,0.5632
105,0.0,0.4105,1.5855,1.2955
106,1.0,2.1119,-1.8289,-0.9394
107,0.0,2.0361,-1.0204,0.821
108,1.0,0.0005,1.6208,-0.8051
109,1.0,1.0948,-1.661,0.1261
110,1.0,0.5765,0.2487,-0.3812
111,0.0,-0.6709,-2.6753,-1.8305
112,0.0,2.0074,-0.6997,0.46
113,0.0,-1.331,1.8634,0.7622
114,0.0,-0.3676,-0.3873,-1.4446
115,0.0,-0.7641,0.785,0.8437
116,0.0,2.39,-0.4517,1.8174
117,0.0,0.9222,-1.4652,-1.1713
118,1.0,1.122,-1.5277,0.1055
119,1.0,2.6754,-2.2938,0.6534
120,0.0,1.4914,-1.2332,0.5736
121,1.0,1.534,-4.0561,2.4414
122,0.0,1.4132,-1.0184,0.8373
123,0.0,-0.3055,-0.3852,1.1067
124,0.0,1.2497,-0.989,0.0897
125,1.0,2.3543,-1.4252,-0.5377
126,1.0,1.054,-2.5336,-0.941
127,0.0,0.7001,0.2649,0.6795
128,0.0,0.878,0.5784,0.3466
129,0.0,-0.5047,0.2505,1.4098
130,1.0,0.3253,-0.6068,2.819
131,1.0,1.9779,-0.6685,1.065
132,1.0,2.9099,-1.3781,0.825
133,0.0,0.5479,0.2149,-0.9062
134,1.0,0.5383,-1.0246,-0.5388
135,0.0,0.3725,-0.4078,-0.3561
136,0.0,-0.1031,-1.3141,-1.4273
137,1.0,1.1157,-0.7515,0.8228
138,1.0,0.3454,-1.9873,-0.0417
139,1.0,2.6335,-1.1274,0.6779
140,1.0,-0.5033,0.6163,0.0533
141,1.0,1.3669,-2.2652,0.5967
142,0.0,1.1377,-2.4089,-1.1503
143,1.0,-0.9346,0.4726,-2.3968
144,1.0,1.3179,-1.4886,-0.9859
145,0.0,1.456,-0.1836,-0.4803
146,0.0,1.2556,0.2778,2.071
147,0.0,1.0201,-0.2359,-0.3948
148,1.0,-0.1563,-1.8157,-0.9844
149,0.0,0.1569,-0.9953,-1.1508
150,1.0,1.9641,-1.1326,0.1254
151,1.0,0.2977,-0.514,0.3235
152,1.0,0.5691,-0.6646,2.0887
153,0.0,0.6438,0.1267,0.2045
154,1.0,1.1346,-1.9115,0.3117
155,1.0,2.5267,-0.4496,1.2265
156,1.0,2.0497,-2.5637,-0.1133
157,1.0,1.5518,0.0017,-0.2537
158,1.0,0.6145,-0.4207,1.2283
159,0.0,1.9976,-2.1145,0.2099
160,1.0,2.0995,-2.93,1.9646
161,1.0,5.293,-6.1024,0.1806
162,0.0,1.2379,0.1722,0.8448
163,0.0,0.0185,-2.3713,-0.47
164,0.0,-0.0467,-0.8105,-0.0771
165,1.0,1.5896,-1.8757,-0.1545
166,1.0,1.7739,-1.6292,-0.6708
167,0.0,-0.4642,1.5764,0.1415
168,1.0,1.5345,-0.6133,1.1806
169,0.0,-0.6222,0.9036,-0.3414
170,1.0,0.7013,-2.2119,-0.3652
171,0.0,2.1728,0.1351,0.6539
172,0.0,1.6935,-2.8469,-0.8736
173,1.0,1.448,-1.6133,-0.5465
174,0.0,2.3377,0.0158,-0.0834
175,1.0,2.1097,-2.5212,-0.4001
176,0.0,0.9202,0.1794,0.0883
177,1.0,1.5552,-0.7361,0.2292
178,0.0,0.0132,-1.4029,-1.04
179,1.0,1.5497,-1.3426,0.0063
180,0.0,0.2853,1.2279,-0.662
181,0.0,-0.3691,-0.2613,-0.6411
182,1.0,0.7525,1.9771,0.8678
183,1.0,2.7999,-1.8083,-1.933
184,0.0,0.7124,1.5645,-1.815
185,0.0,0.5108,0.5139,-0.9363
186,0.0,0.0843,0.5266,2.2384
187,0.0,0.1838,1.2102,0.2116
188,0.0,3.2475,-1.1043,1.103
189,1.0,1.1069,0.2665,1.735
190,1.0,2.5114,-2.7849,0.9304
191,0.0,0.0271,-0.8822,-0.9698
192,0.0,-1.2153,2.246,-0.298
193,0.0,0.3669,-0.7893,-0.7995
194,1.0,2.8746,-3.45,-0.2924
195,1.0,0.2206,2.0079,-0.1876
196,0.0,1.319,-0.5795,-0.4743
197,1.0,0.2834,-0.0523,-0.3311
198,1.0,0.7809,-1.6006,1.8734
199,0.0,0.6819,1.4414,0.1986
200,0.0,0.6448,1.5711,-0.2223
201,0.0,1.4081,1.2038,1.7622
202,0.0,1.5073,-0.1788,0.1102
203,1.0,1.2607,-2.2318,0.5859
204,0.0,0.8838,-1.205,-0.1723
205,0.0,-0.4671,-0.6614,-1.7158
206,0.0,0.4313,0.8702,0.9797
207,1.0,-0.7203,0.4485,-0.4178
208,0.0,0.4034,0.0888,-0.6423
209,1.0,1.319,-1.3415,0.0952
210,1.0,1.0495,-1.5151,0.2201
211,0.0,0.6571,-2.5344,-1.0192
212,0.0,-0.3115,0.0036,-0.0345
213,0.0,-0.1432,-0.2601,-0.5455
214,0.0,-0.0703,0.7688,0.6743
215,0.0,-0.1114,0.8062,-0.2149
216,0.0,1.4415,-0.8725,0.7697
217,1.0,0.0053,-0.3751,-0.2271
218,1.0,-0.7851,-0.6771,-1.0894
219,0.0,2.5315,-0.644,0.0003
220,1.0,0.2551,-0.966,0.589
221,1.0,1.5128,-1.5512,-0.5733
222,0.0,1.2342,-0.8309,-0.7718
223,1.0,0.928,-0.9095,0.5139
224,0.0,0.3979,-1.3441,1.0941
225,1.0,1.1326,-1.8861,-0.9574
226,0.0,-0.7239,1.8316,-0.7262
227,1.0,0.6855,-1.4022,-1.3381
228,0.0,1.5136,-2.1872,-1.462
229,0.0,1.3368,-0.1056,0.2482
230,0.0,0.6387,1.5879,0.3183
231,1.0,2.7594,-3.2045,-0.3548
232,0.0,0.8743,0.3873,0.2215
233,0.0,0.8769,-0.7128,-1.7623
234,0.0,-0.7874,0.228,-0.2426
235,1.0,1.3404,-3.7684,-0.6419
236,0.0,0.1744,-0.5202,0.8582
237,1.0,-0.2677,-2.2499,-3.0014
238,1.0,0.4404,-0.1324,0.183
239,1.0,2.5689,-2.8152,0.8936
240,0.0,0.1801,1.5627,0.6593
241,0.0,1.5064,-2.2376,0.7954
242,0.0,0.9375,-2.5056,-1.0326
243,0.0,-1.1108,-0.2496,-1.1458
244,0.0,0.9344,0.819,0.5953
245,1.0,3.7269,-2.993,0.9229
246,1.0,1.5595,-1.8328,-0.3419
247,1.0,2.027,-0.7645,1.4658
248,1.0,2.218,-3.3375,0.2151
249,0.0,0.3914,-0.8501,0.1473
250,1.0,1.0716,-0.7204,-0.4978
251,1.0,1.0075,-0.3371,-0.8248
252,1.0,2.0747,-1.6445,-0.5541
253,1.0,0.0846,2.0036,1.0025
254,1.0,3.2921,-2.7422,-0.7787
255,1.0,2.5704,-1.6107,2.14
256,1.0,2.2445,-1.5806,0.8694
257,1.0,2.2109,-1.6835,-0.338
258,1.0,1.6287,-3.4215,-0.5559
259,0.0,1.3427,-1.9528,0.4803
260,1.0,1.213,-0.6979,2.4221
261,1.0,0.9648,-0.5947,0.858
262,1.0,-0.6944,0.6164,1.2752
263,0.0,0.2949,1.16,-0.2435
264,1.0,1.2919,-5.8959,-0.7344
265,1.0,0.2539,-2.0074,-1.1517
266,1.0,0.9279,-0.0064,-0.4942
267,0.0,-0.3218,-0.859,-0.8181
268,1.0,2.0111,-2.7825,-2.0054
269,0.0,0.4222,0.6013,0.5938
270,1.0,1.3716,-2.1554,-0.2159
271,0.0,-0.4876,-0.2963,-0.3283
272,0.0,0.3974,-1.9203,0.2307
273,0.0,0.1762,-0.9849,-1.2125
274,0.0,0.3413,-0.0491,-0.0305
275,0.0,0.3091,0.0875,-2.0697
276,1.0,2.0605,-4.1668,-1.6675
277,1.0,1.5278,-0.8394,0.171
278,1.0,2.8152,-2.5622,1.0971
279,1.0,1.5543,-0.0612,-0.2492
280,1.0,1.5653,-2.2857,-0.9091
281,0.0,1.0076,-2.2372,-1.8698
282,0.0,2.0736,-0.6555,-0.7308
283,0.0,-0.3149,-1.8218,-0.8383
284,0.0,-0.3808,-0.3536,0.0627
285,0.0,0.0857,1.6748,1.1549
286,0.0,1.1605,0.7634,-0.0845
287,1.0,0.542,0.1036,0.168
288,1.0,1.1469,-2.2809,0.7692
289,0.0,0.9249,-0.5288,-1.0427
290,0.0,0.6438,1.3037,-0.2588
291,0.0,-0.9036,0.5893,0.7889
292,1.0,1.555,-1.6067,0.0483
293,0.0,-0.0582,-0.3154,-1.4474
294,0.0,3.0607,-3.5027,0.1921
295,1.0,2.3801,-2.9129,-0.063
296,0.0,0.2236,-0.5345,-0.1887
297,0.0,1.3226,-0.2101,0.4545
298,0.0,-0.1647,1.1367,0.0087
299,0.0,0.252,-2.7746,-0.5366
300,0.0,-0.244,0.7266,0.77
301,0.0,0.8464,-0.724,0.0725
302,1.0,2.295,-3.9241,-0.8467
303,0.0,1.4283,0.3501,1.5323
304,0.0,-1.3789,-0.3039,0.0471
305,0.0,0.4027,0.0817,-1.7047
306,1.0,1.2386,-1.5127,-0.2845
307,0.0,-1.6401,1.5981,-0.9191
308,0.0,1.4717,1.9992,1.0392
309,1.0,0.6015,-2.1959,0.5418
310,1.0,1.6427,-0.4485,1.112
311,0.0,1.3483,-0.8387,2.1326
312,0.0,1.0224,-0.9735,0.2513
313,1.0,1.1001,-0.6223,0.2301
314,0.0,-2.406,1.5454,-0.6101
315,1.0,2.2962,-2.8183,0.4519
316,1.0,2.1279,-1.9454,1.6147
317,0.0,-0.4712,1.1164,1.2037
318,1.0,1.8322,-1.0719,-0.4571
319,1.0,0.8198,0.94,2.0835
320,0.0,0.6071,1.4591,-0.8776
321,1.0,0.2499,-0.9952,1.6329
322,0.0,1.2658,-2.4002,-0.5137
323,0.0,0.9329,-3.4899,-1.068
324,1.0,0.4139,-0.9837,-0.4516
325,1.0,1.3567,-2.6845,-1.7865
326,0.0,-0.5765,1.279,-0.4584
327,1.0,1.5534,-1.6428,1.8779
328,1.0,0.5192,-0.853,0.6479
329,1.0,1.7184,-2.6159,-0.221
330,1.0,1.1364,-1.4771,-0.3132
331,1.0,0.7061,-0.8508,-0.6911
332,1.0,0.6617,-1.8437,0.0334
333,1.0,0.0425,-1.6701,0.5108
334,1.0,3.2978,-3.5654,-0.847
335,1.0,2.0094,-2.8199,-1.1124
336,1.0,0.8987,-2.4895,-0.4831
337,0.0,0.9365,-1.2169,0.7071
338,1.0,0.1957,-0.245,-0.3893
339,0.0,0.9196,-1.0986,-0.8707
340,0.0,0.4493,-2.104,-1.6724
341,1.0,1.9156,-2.7954,-1.1394
342,1.0,1.0459,-1.8828,1.1837
343,0.0,0.4352,-2.0406,-0.0703
344,1.0,1.7518,-1.5477,0.1073
345,1.0,1.0456,-0.8812,0.8503
346,1.0,2.3853,-2.9524,0.204
347,1.0,0.9879,-0.6225,-0.5446
348,0.0,0.5485,-0.6321,1.6583
349,1.0,0.7167,-2.2174,0.5215
350,0.0,0.7303,-0.3526,-0.0079
351,0.0,0.9735,-0.7637,-0.5353
352,1.0,1.2581,-0.2691,-0.2603
353,1.0,2.1909,-1.6376,2.4324
354,1.0,2.2499,-1.3154,-0.1322
355,0.0,-0.2753,-0.3844,0.8883
356,0.0,0.4683,-0.4161,-0.5581
357,1.0,0.3243,-0.7765,0.1541
358,1.0,1.2489,-1.1005,-0.0574
359,0.0,0.0711,-0.3253,-1.2606
360,0.0,2.4849,-0.5725,-0.9647
361,0.0,0.9056,-0.2787,1.086
362,1.0,0.0928,-1.9839,-0.673
363,1.0,1.0647,-1.5938,0.6826
364,0.0,-0.5196,0.0676,0.6492
365,1.0,1.292,-1.5321,1.5253
366,0.0,1.4772,-2.426,-0.0476
367,0.0,1.6419,-0.7057,0.5912
368,1.0,-0.5232,-1.8713,-1.1087
369,0.0,0.0229,-0.7048,-1.2112
370,1.0,1.4879,-2.2221,-0.3083
371,1.0,1.096,0.7745,0.5175
372,0.0,1.6759,1.5314,-0.6024
373,0.0,1.5218,-1.0852,1.1077
374,1.0,1.4604,-1.8729,1.1199
375,1.0,0.6833,-0.6648,0.5143
376,0.0,0.5897,-0.6292,-0.0783
377,1.0,1.5203,-0.7555,1.6406
378,0.0,0.4775,-0.4095,-0.158
379,1.0,0.673,-1.1262,-0.518
380,1.0,0.5449,-0.6461,0.0654
381,0.0,1.3679,0.7138,1.6024
382,1.0,1.4781,-1.1162,1.4704
383,1.0,1.3562,-2.7197,1.0427
384,1.0,1.7218,-1.4198,-0.2767
385,1.0,2.0391,-1.9268,0.6185
386,0.0,0.1022,-0.8262,-1.5433
387,0.0,1.0093,-0.4386,-1.3002
388,1.0,0.2868,-1.0918,0.4082
389,0.0,-0.5545,0.808,-0.5642
390,1.0,1.9494,-3.0505,-1.9116
391,0.0,-0.4304,-0.1119,-0.709
392,0.0,0.4688,-1.2446,0.2473
393,1.0,1.9791,-2.1702,-0.2903
394,0.0,0.2579,-0.3482,1.4308
395,1.0,1.113,-0.2029,0.9009
396,1.0,1.7662,-0.9667,0.1803
397,1.0,3.4591,-3.5409,2.3106
398,1.0,2.4134,-1.4326,1.017
399,0.0,1.6833,-0.7667,-0.6545
400,1.0,1.2276,-0.7417,1.7418
401,0.0,2.2719,-1.3011,0.072
402,1.0,2.0179,-3.3618,-2.0425
403,0.0,0.0591,1.7896,1.194
404,1.0,2.4869,-0.7664,2.6421
405,0.0,1.7186,-0.7067,1.1998
406,1.0,0.7199,-1.669,0.2576
407,0.0,1.0025,0.4589,-0.7392
408,0.0,0.2263,-0.0911,1.5054
409,0.0,0.0537,-2.2385,0.1126
410,0.0,0.1482,-1.1749,0.6989
411,1.0,1.1953,-2.117,1.4919
412,0.0,-1.2097,0.8615,0.2746
413,1.0,2.3298,-0.7915,1.6926
414,1.0,1.7747,-2.7109,0.797
415,0.0,1.773,0.5662,0.4223
416,1.0,2.4277,-1.4461,-0.9244
417,1.0,2.4763,-0.7823,1.2124
418,0.0,1.7516,0.0665,0.4706
419,0.0,-1.9112,-0.7435,-2.6917
420,0.0,-0.244,0.1575,-0.9657
421,1.0,2.2185,-2.263,1.2427
422,0.0,1.3777,-0.3598,0.0031
423,0.0,-0.2361,0.6334,-1.2523
424,0.0,0.9993,-1.1819,0.1016
425,1.0,2.7595,-3.3885,2.1494
426,1.0,0.1694,-0.1379,0.5808
427,1.0,3.426,-3.5705,-0.7596
428,1.0,-0.0156,-2.8114,-1.5655
429,0.0,2.1432,-0.9751,-0.0805
430,0.0,-1.1237,-0.4104,-0.9938
431,1.0,1.2437,-0.889,0.1705
432,0.0,0.1676,-0.419,-0.9211
433,1.0,0.8316,-1.3194,-2.0105
434,0.0,-0.4314,-0.6461,-0.2299
435,0.0,1.1865,0.7391,1.2748
436,1.0,1.4751,-3.5288,-1.7958
437,0.0,0.1046,-1.8692,-2.4123
438,0.0,-0.2365,-0.4234,-1.6666
439,0.0,-0.5242,0.2481,0.5835
440,1.0,1.6996,-0.6579,0.8067
441,0.0,1.3504,-0.9393,-0.5048
442,1.0,2.4792,-1.7865,1.6722
443,1.0,1.197,-0.8717,1.3475
444,1.0,0.4138,-0.2956,0.274
445,0.0,-0.2122,-0.8337,0.1756
446,0.0,1.1602,-0.5971,0.7144
447,0.0,-0.918,1.4694,-1.3299
448,1.0,2.4394,-0.9618,1.6274
449,1.0,1.2742,-1.5224,-0.0464
450,1.0,-0.867,-0.3998,-0.2008
451,1.0,0.6042,0.4757,1.3017
452,0.0,-0.3221,2.8404,-0.9264
453,1.0,1.112,-1.3191,-0.9339
454,1.0,1.4627,-0.3818,2.5503
455,1.0,0.8456,-0.5123,1.6653
456,1.0,1.1554,-2.0802,-1.4287
457,0.0,0.9959,0.0493,-0.3733
458,0.0,0.7801,-0.5301,-1.1274
459,1.0,1.8389,-2.5305,0.113
460,0.0,1.3097,-1.1185,0.5409
461,1.0,-0.1334,0.1711,1.1126
462,0.0,1.2955,-2.7884,0.1454
463,1.0,1.9414,-2.629,0.5147
464,1.0,3.5812,-2.7859,-0.2019
465,1.0,-1.2439,1.7052,0.5808
466,0.0,0.7601,-0.4691,-1.2645
467,0.0,2.0098,-1.3307,0.294
468,1.0,2.0383,-0.3666,0.3332
469,0.0,0.8817,2.0354,1.9442
470,1.0,1.0661,-0.3229,-2.2543
471,0.0,0.3664,-1.1353,-1.0741
472,1.0,1.6691,-2.6491,0.2384
473,1.0,-0.1356,0.9987,-0.4067
474,0.0,0.849,-1.9177,-0.3439
475,1.0,1.2975,-0.8631,-0.4436
476,1.0,1.7939,-1.9088,0.6872
477,0.0,0.8722,-0.4871,-0.5202
478,1.0,3.8312,-1.9401,1.9806
479,1.0,-0.8868,-0.7916,-0.6385
480,0.0,-0.0601,0.3978,-0.7337
481,1.0,1.5139,-1.0467,0.9252
482,0.0,0.8083,-1.5899,0.8483
483,1.0,0.1185,-0.6038,0.8417
484,0.0,2.4392,-0.5532,0.8654
485,1.0,0.8822,-1.7842,-0.7461
486,1.0,1.8234,-2.2644,0.2821
487,0.0,1.4585,-2.156,-1.8542
488,0.0,-0.2832,2.133,0.949
489,1.0,0.9887,-0.7127,-0.3826
490,1.0,0.935,2.714,-0.6661
491,0.0,0.8479,-1.1975,1.0546
492,1.0,1.9048,-1.6236,0.9896
493,0.0,1.6503,-0.5007,-1.1505
494,1.0,2.0273,0.0846,1.0705
495,1.0,2.4982,-2.2039,0.7106
496,0.0,-0.2822,2.3657,2.3009
497,1.0,1.1888,-1.3077,-0.8267
498,0.0,0.2153,0.0282,0.2654
499,0.0,0.3256,0.5613,-0.9946
