snp,beta_exp,se_exp,beta_out,se_out,eaf
rs1000,0.0636,0.0046,0.0344,0.0229,0.132
rs1001,0.1281,0.0094,0.0711,0.0142,0.402
rs1002,0.0584,0.0098,0.035,0.0292,0.15
rs1003,0.0852,0.0066,0.0453,0.0277,0.238
rs1004,0.0458,0.0097,0.01,0.0244,0.332
rs1005,0.1848,0.0111,0.0568,0.0262,0.354
rs1006,0.0878,0.0076,0.0332,0.0174,0.49
rs1007,0.0892,0.0062,0.0499,0.0108,0.13
rs1008,0.19,0.0041,0.0563,0.0183,0.31
rs1009,0.1329,0.0105,0.03,0.02,0.264
rs1010,0.1981,0.0101,0.0552,0.0197,0.284
rs1011,0.1308,0.0067,0.0382,0.0191,0.34
rs1012,0.0647,0.0058,0.0221,0.0164,0.141
rs1013,0.1128,0.0069,0.0576,0.0198,0.457
rs1014,0.1159,0.005,0.0526,0.0157,0.28
rs1015,0.0339,0.009,0.0051,0.0156,0.228
rs1016,0.1168,0.005,0.0331,0.0252,0.355
rs1017,0.1009,0.0041,0.0235,0.0229,0.103
rs1018,0.0995,0.0081,0.0247,0.0186,0.453
rs1019,0.1177,0.0116,0.0443,0.0195,0.345
rs1020,0.1009,0.0096,0.0311,0.0292,0.281
rs1021,0.0462,0.0101,0.0262,0.0156,0.48
rs1022,0.0503,0.0115,0.0315,0.0263,0.471
rs1023,0.1015,0.0074,0.039,0.0217,0.324
rs1024,0.0556,0.0041,0.0118,0.0156,0.437
rs1025,0.1522,0.0071,0.0465,0.0102,0.43
rs1026,0.1681,0.0081,0.0475,0.0289,0.393
rs1027,0.1725,0.0106,0.0873,0.0139,0.457
rs1028,0.1055,0.0084,0.0183,0.0133,0.326
rs1029,0.1817,0.0086,0.0428,0.0118,0.377
