age,eligible,vaccinated,health_score_change,event_time,event,female,bmi,chronic_conditions,income_band
78.27,1,1,1.0,0.516,0,0,27.8,0,0
59.21,0,0,1.18,4.524,1,1,26.7,1,0
57.65,0,0,2.02,4.582,1,1,32.4,0,2
56.68,0,0,-4.58,3.211,1,1,22.8,1,3
73.59,1,1,0.61,2.068,1,1,22.0,1,2
56.5,0,0,-0.69,0.556,0,0,28.0,1,0
74.17,1,1,4.25,14.0,0,1,24.0,1,3
71.98,1,0,4.56,0.224,1,1,16.0,1,1
62.65,0,0,2.07,0.377,0,1,31.7,0,2
64.76,0,0,3.51,10.955,1,0,25.3,0,1
77.28,1,0,-2.83,1.128,1,0,24.6,1,2
73.73,1,1,8.36,7.639,1,0,18.4,1,2
54.61,0,0,-8.4,2.811,1,0,36.0,1,3
72.47,1,0,1.76,2.658,1,0,28.0,1,1
62.09,0,0,4.49,1.989,0,0,20.7,1,3
79.74,1,1,8.81,0.015,1,1,18.6,1,3
56.35,0,0,7.85,0.652,0,0,21.3,1,3
62.31,0,0,-1.96,0.058,0,0,24.7,1,1
78.3,1,0,4.51,0.242,0,1,18.6,0,0
67.41,1,1,-1.29,14.0,0,1,26.0,1,0
72.07,1,1,6.92,0.68,1,1,16.2,0,0
68.14,1,0,1.59,0.685,1,1,19.8,0,0
56.94,0,0,3.1,5.124,1,0,22.0,1,2
51.64,0,0,-0.64,9.091,0,0,21.6,0,0
52.85,0,0,-3.32,0.261,0,1,29.7,0,3
60.8,0,0,5.96,1.312,1,1,26.8,0,1
52.76,0,0,2.51,0.574,0,1,17.1,0,0
55.1,0,1,13.02,1.501,0,0,25.7,1,0
64.58,0,0,0.73,2.893,1,1,24.4,1,1
60.66,0,0,1.98,4.639,0,0,17.3,0,0
66.86,1,1,2.36,1.162,0,0,21.1,3,2
60.3,0,0,0.6,14.0,0,1,30.2,0,1
66.68,1,0,-1.58,2.992,0,1,18.8,0,0
69.29,1,1,7.29,2.346,1,1,26.2,1,1
75.63,1,0,-1.41,14.0,0,0,21.4,2,2
51.01,0,1,-0.9,14.0,0,1,25.0,1,1
72.52,1,0,4.53,1.433,1,0,25.2,2,2
61.21,0,0,2.86,14.0,0,0,22.9,0,3
57.48,0,0,-3.81,5.842,1,0,29.2,0,0
53.35,0,0,3.19,13.444,1,1,30.6,1,0
66.16,1,1,1.83,14.0,0,0,25.9,1,0
71.18,1,1,0.95,2.067,1,0,26.8,1,2
79.99,1,1,-0.76,1.512,1,0,26.5,2,2
59.32,0,0,2.22,14.0,0,0,30.3,2,0
79.47,1,0,0.11,10.308,1,1,22.1,0,3
65.81,1,0,4.96,1.643,1,0,20.1,2,3
76.85,1,0,-3.15,3.655,1,0,27.1,1,0
52.71,0,0,0.9,1.692,1,0,29.0,0,2
51.7,0,0,0.65,14.0,0,0,30.8,0,3
63.17,0,0,0.54,2.233,1,0,21.8,0,2
50.67,0,0,2.15,2.668,0,0,33.4,0,1
59.21,0,1,5.85,8.438,1,0,23.5,0,0
50.9,0,0,4.92,12.828,0,1,26.9,0,3
74.56,1,0,1.01,0.266,1,0,24.1,2,0
52.43,0,0,1.56,4.95,1,0,28.7,0,0
66.6,1,1,5.47,1.934,1,0,25.2,1,0
79.06,1,0,-6.38,4.411,1,1,23.9,0,0
64.12,0,0,3.33,6.112,0,1,24.8,0,1
59.31,0,0,4.54,1.549,1,0,28.4,0,2
75.69,1,0,1.28,3.405,1,0,23.0,3,2
72.18,1,1,8.78,0.643,1,0,21.8,0,0
54.12,0,0,1.63,10.075,0,0,36.2,0,1
62.93,0,0,2.58,1.63,1,0,23.8,1,0
60.7,0,0,-0.14,1.362,1,1,23.6,1,2
74.11,1,1,1.47,11.112,1,0,23.5,1,1
64.72,0,0,2.05,3.958,1,0,25.0,0,1
62.59,0,0,2.21,0.463,0,1,34.7,1,0
62.61,0,0,2.93,12.432,1,1,30.0,2,2
71.68,1,0,8.06,2.167,1,0,17.5,2,3
79.24,1,1,2.95,0.313,0,0,27.5,1,3
69.09,1,1,8.82,8.073,1,1,25.6,0,1
62.77,0,0,-1.89,4.302,1,1,26.0,0,1
68.57,1,1,4.1,0.94,0,0,20.7,1,3
79.96,1,1,-6.45,0.724,0,0,28.0,1,2
77.01,1,1,11.9,1.102,1,1,26.4,1,2
52.81,0,0,3.91,3.916,1,0,22.1,1,2
57.25,0,0,6.5,4.32,1,1,16.0,0,2
66.31,1,1,4.82,14.0,0,0,21.8,0,0
64.32,0,0,4.94,4.62,1,0,28.0,0,2
62.84,0,0,0.35,4.37,1,0,27.5,0,1
59.83,0,0,-4.77,2.545,1,0,28.4,0,1
74.77,1,0,-5.4,7.993,1,0,30.2,1,1
65.68,1,0,3.69,1.096,0,0,25.6,0,1
51.4,0,0,-1.56,0.521,1,1,26.4,0,0
67.21,1,1,3.89,7.523,0,0,23.2,0,1
79.56,1,1,-0.89,0.61,0,0,26.9,1,0
61.22,0,0,-1.29,8.834,1,0,24.3,1,1
61.46,0,0,1.52,1.299,1,0,24.0,0,3
75.39,1,1,2.23,14.0,0,1,24.6,2,1
67.74,1,1,1.65,2.614,1,0,33.6,2,3
66.01,1,1,0.7,14.0,0,0,33.2,1,1
55.57,0,0,-1.12,10.366,0,0,25.3,0,2
66.7,1,0,-4.41,10.88,1,0,25.5,1,2
54.88,0,0,5.47,3.161,1,1,20.1,0,0
67.09,1,1,4.41,4.126,1,1,24.0,1,0
73.42,1,1,6.72,3.714,1,1,33.8,0,0
52.39,0,0,1.39,4.517,0,1,22.2,0,0
72.99,1,1,7.79,0.12,0,1,18.1,0,0
74.52,1,1,5.45,13.787,0,1,25.9,1,0
52.36,0,1,8.45,0.923,0,1,23.2,0,2
74.89,1,1,2.88,12.982,1,1,31.8,0,1
51.69,0,0,-0.69,2.959,1,0,18.6,0,0
78.18,1,1,3.48,8.358,1,0,31.3,1,0
59.84,0,0,1.19,5.413,1,0,26.1,1,1
60.21,0,0,6.86,6.974,0,1,20.1,0,1
61.02,0,0,0.28,13.281,1,0,30.1,0,2
58.52,0,0,2.41,12.487,1,1,29.3,0,3
52.64,0,0,3.42,7.737,1,0,28.5,1,2
66.99,1,1,1.3,8.685,1,1,24.5,1,2
52.53,0,0,-3.54,2.321,1,1,33.5,0,1
61.91,0,0,-0.76,11.456,1,0,25.2,0,2
54.16,0,0,1.11,10.753,0,1,29.9,0,0
68.64,1,1,6.23,11.559,1,0,30.0,1,3
57.16,0,0,-0.89,3.231,1,0,23.1,0,0
52.57,0,0,-0.92,14.0,0,1,30.1,0,3
50.51,0,0,-4.29,8.384,1,1,32.7,0,2
74.45,1,1,-4.43,5.239,0,1,30.9,1,3
59.93,0,0,4.4,1.178,1,1,18.8,1,1
74.7,1,1,4.27,1.245,1,1,23.9,1,2
77.04,1,1,0.95,0.203,1,1,27.0,1,1
51.56,0,0,0.68,14.0,0,0,30.0,0,3
54.93,0,1,2.32,1.957,1,1,23.0,0,3
52.89,0,0,3.55,3.368,1,1,28.2,1,0
55.19,0,0,5.31,12.009,0,0,26.4,2,0
57.59,0,0,-3.91,9.585,0,0,23.7,1,2
55.99,0,1,4.84,0.993,0,1,27.5,1,2
55.03,0,0,3.8,4.399,1,0,30.9,0,2
75.13,1,0,0.79,4.874,0,1,16.0,2,2
76.87,1,0,2.27,0.479,1,0,17.5,0,1
74.2,1,0,5.16,2.177,1,1,26.7,0,0
76.25,1,1,7.77,0.245,0,0,26.6,0,1
65.66,1,1,-2.2,0.313,1,0,25.8,0,1
54.08,0,0,2.63,7.493,0,0,32.0,0,2
54.2,0,0,5.96,0.674,1,1,20.9,2,0
60.89,0,0,1.61,2.377,1,1,26.8,0,3
51.54,0,0,4.87,14.0,0,1,29.3,0,0
61.37,0,1,8.53,0.04,0,0,20.4,2,1
60.48,0,0,2.17,2.826,1,0,25.7,1,2
59.06,0,0,-1.11,4.058,0,0,33.5,0,0
61.53,0,0,5.96,0.504,1,0,28.8,0,0
77.99,1,1,-1.92,0.883,0,0,32.2,0,1
51.57,0,0,6.09,3.91,1,1,28.8,0,2
67.64,1,0,-1.57,0.929,0,1,23.7,0,0
74.71,1,0,7.32,7.262,0,1,29.0,0,0
75.57,1,0,-4.1,4.488,0,0,23.6,1,2
57.52,0,0,3.46,3.716,0,1,30.8,0,1
61.7,0,0,3.85,0.957,0,0,22.6,2,1
73.78,1,1,6.33,1.491,1,1,22.7,0,3
75.29,1,1,-0.88,1.06,0,0,21.8,2,2
58.19,0,0,3.5,0.056,0,1,24.5,0,1
65.36,1,1,4.72,0.398,0,1,20.8,1,0
52.85,0,1,2.32,0.917,0,1,22.2,1,3
77.41,1,1,-4.82,5.935,1,1,23.3,2,1
71.73,1,1,4.73,0.226,1,0,27.9,2,3
74.71,1,1,-0.11,2.381,0,1,20.9,1,1
57.71,0,0,6.24,3.407,1,1,25.9,0,1
50.09,0,0,1.88,10.798,1,1,24.2,0,3
57.57,0,0,-1.05,4.815,0,0,33.3,1,2
67.05,1,0,6.13,3.516,0,0,21.6,0,2
61.44,0,0,2.45,1.794,1,1,28.1,1,1
54.47,0,0,-3.76,13.752,1,0,21.4,0,0
62.21,0,0,-0.56,6.964,1,1,21.8,0,2
64.9,0,0,2.31,3.405,1,1,27.0,1,2
51.88,0,0,0.7,3.369,1,1,24.4,0,2
76.28,1,0,3.8,2.265,1,1,22.1,0,0
74.73,1,0,2.54,4.174,1,0,25.5,2,0
72.72,1,1,3.31,6.285,1,1,24.9,2,3
55.58,0,0,-2.03,2.044,1,1,24.1,3,2
78.9,1,1,9.78,5.306,1,0,22.8,1,0
53.7,0,0,2.92,14.0,0,0,30.1,0,1
63.13,0,0,3.65,0.5,0,0,23.5,0,2
65.85,1,1,1.16,4.664,1,1,26.9,2,2
56.43,0,0,-0.85,0.79,1,0,24.1,0,0
60.37,0,0,1.92,6.521,1,1,30.8,1,0
77.89,1,1,5.65,5.315,0,0,20.0,0,3
70.95,1,1,-1.16,9.342,0,1,29.8,0,0
52.71,0,0,0.22,9.118,1,1,25.9,1,2
76.96,1,0,-6.39,1.63,1,0,26.5,0,2
58.51,0,0,0.86,1.915,1,1,27.6,1,1
61.85,0,0,9.98,4.558,1,0,29.8,0,1
67.72,1,1,-3.95,14.0,0,0,26.5,0,0
51.28,0,0,-3.34,11.325,0,1,29.2,0,3
51.24,0,0,3.55,0.46,0,0,32.0,0,0
55.35,0,0,0.35,3.668,1,1,26.6,0,0
68.64,1,0,-2.56,3.258,0,1,21.4,1,1
63.2,0,0,0.59,3.999,0,0,33.2,1,3
69.17,1,1,2.47,5.09,1,0,27.1,1,2
57.53,0,0,-2.0,3.995,1,1,22.4,0,0
63.7,0,0,-0.4,2.707,1,0,25.0,0,0
51.99,0,0,3.04,0.339,0,1,20.9,0,1
76.84,1,1,5.38,0.064,1,1,19.9,1,2
62.61,0,0,1.23,1.463,0,0,24.6,0,2
61.61,0,0,3.77,4.955,0,0,27.7,1,0
75.84,1,1,-5.12,6.888,1,1,24.5,0,2
52.59,0,0,3.41,2.708,0,1,26.0,0,2
64.63,0,0,5.09,0.192,0,1,23.0,1,0
72.88,1,1,8.12,2.551,0,0,30.2,0,0
60.18,0,0,7.11,14.0,0,1,27.4,0,3
79.46,1,1,-1.61,0.167,1,0,27.9,1,3
79.18,1,0,-0.07,0.478,0,1,26.6,1,0
64.64,0,0,0.7,0.759,0,1,25.0,0,2
74.8,1,0,-1.95,3.152,1,1,29.7,1,0
68.86,1,1,2.68,2.075,1,0,22.7,1,0
61.17,0,1,5.49,4.006,1,1,17.4,0,1
67.08,1,0,-2.73,3.884,1,1,28.5,0,1
50.63,0,0,-4.89,1.272,0,1,30.1,2,2
62.83,0,0,5.01,2.828,1,0,28.5,1,0
61.63,0,1,4.51,14.0,0,1,24.7,0,2
50.95,0,0,-2.93,14.0,0,0,31.1,1,2
63.58,0,0,3.34,6.41,1,1,26.1,0,3
77.59,1,1,-6.95,14.0,0,0,30.4,1,3
70.59,1,1,3.29,4.24,1,1,27.7,1,0
52.67,0,0,1.13,6.581,0,1,31.7,2,1
62.73,0,0,4.6,1.96,0,1,20.2,0,2
68.99,1,1,-4.09,0.235,0,0,30.5,0,0
65.09,1,0,1.08,14.0,0,0,24.0,1,3
50.03,0,0,-0.87,5.054,1,1,25.5,0,1
76.37,1,1,3.62,14.0,0,1,20.9,1,3
63.9,0,0,-1.86,5.648,0,1,17.6,1,2
60.97,0,0,-3.63,14.0,0,1,19.7,0,1
79.1,1,1,2.41,2.295,0,0,27.2,1,0
70.18,1,1,3.98,0.628,0,0,29.5,0,2
76.81,1,0,7.27,3.163,0,1,24.2,1,2
54.18,0,0,-0.05,0.753,1,0,21.6,1,0
59.46,0,0,2.14,14.0,0,0,29.3,1,3
53.68,0,0,6.81,14.0,0,1,35.6,0,0
67.25,1,0,-5.59,4.144,1,1,34.0,0,0
53.63,0,0,4.07,3.297,1,0,19.6,0,0
71.8,1,1,1.8,2.051,1,1,20.9,1,2
64.41,0,0,-1.67,0.043,1,1,23.8,0,1
53.98,0,1,7.08,13.22,1,1,23.4,0,0
52.11,0,1,2.49,2.66,1,0,27.3,0,1
73.29,1,0,-3.91,1.584,1,1,25.2,1,1
67.71,1,1,1.42,3.326,1,0,26.5,1,0
60.13,0,0,7.6,3.74,1,0,21.8,1,3
58.99,0,1,-3.65,2.809,0,1,22.9,1,0
66.47,1,1,4.54,8.025,1,1,25.6,0,3
53.99,0,1,-0.14,14.0,0,0,30.8,1,2
69.33,1,0,1.75,2.498,0,0,27.1,1,3
62.68,0,0,3.92,1.574,0,0,28.1,0,0
57.63,0,0,2.66,2.464,1,1,27.9,0,1
59.82,0,0,3.84,14.0,0,1,29.7,0,2
53.51,0,0,2.06,14.0,0,1,33.4,1,0
75.89,1,1,1.71,2.824,1,1,24.7,0,3
73.38,1,0,-0.71,7.703,0,0,22.8,0,0
55.24,0,1,0.27,5.104,1,1,32.3,1,3
66.51,1,0,5.13,1.274,1,1,18.9,0,0
52.55,0,0,3.38,14.0,0,0,27.7,0,0
62.03,0,0,-3.06,4.228,0,1,18.8,0,2
52.55,0,0,10.69,0.726,0,1,22.3,0,3
55.93,0,0,2.9,10.432,1,0,17.4,0,2
51.04,0,0,5.45,8.583,0,1,24.3,0,1
67.51,1,1,3.57,1.036,0,1,28.5,0,2
65.65,1,0,3.65,1.458,0,0,25.1,1,0
72.09,1,1,3.71,13.169,1,1,25.6,0,1
56.77,0,0,4.66,1.028,1,0,24.8,0,2
62.45,0,0,3.39,2.998,0,1,25.2,0,0
68.24,1,1,3.09,8.807,0,1,30.3,0,1
68.56,1,0,-2.03,1.378,1,0,30.5,0,1
57.24,0,0,0.1,0.841,1,0,23.6,0,0
67.38,1,0,-0.5,7.386,1,0,32.2,1,0
60.87,0,1,6.6,9.335,1,1,23.2,0,0
71.85,1,1,4.28,1.352,0,1,25.9,1,1
78.77,1,1,3.96,0.572,1,0,32.3,2,2
69.33,1,0,6.88,0.9,1,0,30.5,0,3
76.2,1,0,5.07,0.04,1,0,23.8,0,2
71.52,1,0,2.92,4.642,1,1,22.2,1,2
68.61,1,1,1.49,6.983,0,0,30.4,1,3
61.27,0,0,-3.12,0.338,1,1,26.1,1,0
70.78,1,1,4.2,11.494,0,0,23.8,0,2
78.06,1,1,1.59,0.962,1,0,26.7,2,1
63.78,0,1,5.8,8.754,0,0,35.2,0,1
55.36,0,0,7.05,5.889,1,1,21.0,0,0
72.2,1,1,4.03,3.031,0,1,25.3,1,2
66.45,1,0,-3.48,2.521,0,0,27.7,1,0
53.82,0,0,-3.49,5.365,1,0,16.0,0,2
62.48,0,0,0.1,2.941,0,0,23.9,0,1
56.4,0,0,3.52,5.704,1,1,28.6,1,3
57.66,0,1,-2.8,14.0,0,0,25.1,2,0
73.59,1,0,-0.61,6.709,1,1,26.6,0,0
58.62,0,0,5.85,14.0,0,0,20.9,0,3
59.35,0,0,3.28,1.272,1,0,23.7,0,0
71.82,1,0,1.92,0.111,0,0,21.9,0,0
59.72,0,1,0.65,2.735,0,0,30.2,0,0
71.52,1,1,0.74,14.0,0,1,26.3,0,3
54.51,0,0,-0.32,3.046,1,0,24.6,1,0
55.57,0,0,-0.04,1.52,1,0,32.4,1,2
66.96,1,1,-0.97,4.696,0,1,30.7,1,1
70.51,1,1,3.08,11.773,1,1,31.1,1,2
67.16,1,0,-1.78,5.727,0,0,26.5,0,0
50.15,0,0,0.67,3.814,1,0,33.3,0,1
70.18,1,1,1.38,3.849,1,0,28.0,0,0
63.13,0,0,-0.2,5.405,0,0,24.0,0,0
65.91,1,1,3.19,2.099,0,1,29.3,1,1
62.75,0,0,3.25,2.595,0,0,25.0,0,0
76.41,1,0,0.37,0.615,1,0,26.2,0,3
71.64,1,0,-4.8,1.271,0,1,26.5,0,2
51.52,0,0,4.92,14.0,0,1,22.0,0,1
75.62,1,1,-3.29,6.125,1,1,31.8,2,1
73.16,1,1,2.93,10.489,1,1,26.6,2,0
62.59,0,0,4.16,1.639,1,0,21.8,0,0
63.38,0,0,-3.58,3.26,1,0,24.5,0,3
75.08,1,1,4.03,2.32,1,0,23.9,0,2
62.3,0,0,4.64,14.0,0,0,30.4,0,1
50.46,0,0,4.87,6.306,0,1,29.1,0,1
60.56,0,0,-1.13,2.092,1,0,22.8,2,3
66.45,1,0,3.41,0.355,0,0,27.8,2,1
77.17,1,1,-1.44,0.543,1,1,28.6,1,0
64.01,0,0,-0.06,4.657,1,0,28.1,1,3
51.3,0,0,6.32,4.916,1,0,26.6,0,1
79.36,1,0,1.04,0.353,1,0,28.7,0,2
67.57,1,1,3.58,9.583,0,0,20.7,0,1
78.18,1,0,-0.52,0.945,1,0,22.2,0,0
52.46,0,0,-1.82,2.888,1,1,21.7,1,2
75.04,1,1,3.13,1.534,0,0,22.5,0,1
63.57,0,0,6.49,1.918,1,0,21.4,1,0
61.89,0,0,0.27,11.099,1,1,30.7,0,1
75.89,1,1,7.31,6.511,1,0,27.5,1,1
63.08,0,0,1.41,0.757,1,0,17.5,1,2
50.4,0,0,0.59,14.0,0,1,19.3,0,1
76.32,1,0,-0.48,0.613,1,0,17.6,1,2
63.61,0,0,7.28,0.138,1,0,22.3,0,3
72.27,1,0,1.25,0.324,1,0,24.4,1,2
59.3,0,0,-0.9,3.56,1,0,27.3,0,3
78.89,1,0,-1.61,4.222,1,0,24.2,2,1
73.44,1,0,2.37,1.682,1,1,21.3,0,2
67.92,1,1,4.01,0.036,1,0,25.0,0,1
61.76,0,0,5.13,1.295,1,0,25.1,1,1
74.94,1,0,-0.4,1.264,1,0,27.6,1,3
60.94,0,0,-2.33,14.0,0,0,26.8,0,1
56.61,0,0,4.12,0.065,1,0,30.6,1,1
52.18,0,1,3.79,14.0,0,0,17.2,1,3
62.47,0,0,6.21,0.475,1,0,25.3,1,1
59.44,0,0,-0.73,14.0,0,0,28.0,0,1
52.07,0,0,0.13,0.332,0,1,25.0,0,1
68.1,1,1,6.01,1.543,1,1,26.1,0,3
71.73,1,0,-2.87,3.395,1,1,28.1,1,1
52.94,0,0,2.99,0.174,1,0,29.1,0,0
73.4,1,0,-0.99,2.936,1,1,23.7,1,2
51.11,0,0,-7.01,3.506,1,1,28.2,0,2
73.84,1,0,-5.05,4.345,1,0,29.5,1,1
73.51,1,0,0.56,7.582,1,0,27.8,1,2
76.94,1,1,-0.12,7.443,0,1,33.1,3,0
78.67,1,0,-0.72,2.319,1,1,23.8,1,2
67.48,1,1,7.22,6.058,1,1,27.3,0,1
73.26,1,0,0.38,0.201,1,0,20.6,1,0
76.58,1,0,-0.27,0.11,1,1,28.8,1,1
72.51,1,0,1.22,1.67,0,1,24.0,0,1
56.82,0,0,0.57,6.647,1,0,28.5,0,1
71.65,1,1,-1.02,6.072,1,1,29.7,1,1
69.37,1,0,-5.39,4.097,1,1,28.0,0,3
79.11,1,1,2.63,7.186,1,1,29.0,1,0
52.86,0,0,0.14,0.458,1,0,31.2,0,1
67.54,1,0,-3.59,0.104,0,0,26.7,0,3
72.84,1,1,4.14,1.907,1,0,23.7,0,2
61.3,0,0,3.55,7.467,1,0,29.4,0,0
71.76,1,1,5.56,5.103,1,1,25.4,0,2
51.24,0,0,2.35,8.463,0,0,27.9,1,0
53.22,0,0,1.01,1.095,1,0,29.7,1,1
68.06,1,1,7.42,0.707,1,0,27.5,0,0
69.94,1,1,5.96,0.854,1,1,29.4,0,2
75.14,1,1,11.0,11.463,1,0,25.2,0,2
52.49,0,0,6.83,1.549,1,1,26.4,0,2
54.39,0,1,3.12,11.182,1,0,28.9,1,1
58.67,0,0,0.51,0.471,1,0,30.4,0,1
73.67,1,1,0.92,2.538,1,1,31.5,0,1
52.14,0,0,-0.37,6.97,0,1,27.0,0,0
73.97,1,1,-0.69,5.535,1,0,27.8,0,0
78.69,1,1,8.48,14.0,0,0,27.0,1,2
78.12,1,0,-3.14,2.741,1,0,23.7,1,1
69.49,1,1,3.97,9.612,0,1,24.1,0,1
77.14,1,0,-1.66,3.028,0,1,30.6,0,3
63.16,0,1,5.45,6.821,0,1,25.0,0,1
68.66,1,0,-2.0,2.216,0,0,19.2,2,1
70.84,1,1,4.16,3.247,1,1,26.3,1,1
64.36,0,0,-1.46,3.087,1,1,33.8,0,3
76.84,1,0,6.53,1.049,1,1,19.6,0,3
67.18,1,1,5.25,9.953,0,1,20.5,1,3
73.66,1,1,2.7,9.248,1,0,24.8,1,0
55.81,0,0,4.03,12.358,1,0,28.8,0,1
59.64,0,0,0.49,1.65,1,1,25.0,0,1
78.35,1,1,7.33,11.313,1,1,31.7,0,0
76.11,1,1,8.77,14.0,0,1,17.8,0,1
64.21,0,0,3.44,3.605,1,0,27.1,1,0
52.28,0,0,1.78,1.988,1,1,29.5,1,3
65.38,1,1,6.58,5.481,0,0,21.1,2,3
69.89,1,0,0.21,2.268,1,1,26.3,0,0
61.8,0,1,9.64,3.587,1,0,23.0,1,2
69.51,1,1,2.9,5.581,1,1,28.4,0,0
52.33,0,0,-2.92,14.0,0,1,21.4,0,2
50.35,0,0,-0.01,3.14,0,1,29.5,1,3
78.04,1,1,0.08,0.874,1,0,19.4,1,3
73.0,1,0,-3.59,8.556,1,0,26.4,1,0
54.6,0,0,2.97,0.561,1,1,25.1,1,3
54.75,0,0,3.65,10.633,0,0,27.3,0,3
61.71,0,0,-1.34,3.529,1,1,22.5,0,3
70.69,1,0,-1.47,6.4,1,0,27.0,0,2
54.29,0,0,-0.96,7.118,0,1,27.9,0,3
50.73,0,0,6.2,2.817,1,1,26.5,0,0
77.52,1,1,4.41,10.489,1,0,24.6,3,1
77.99,1,1,2.78,0.949,1,1,29.1,1,0
60.29,0,0,0.98,5.425,1,1,27.2,0,0
62.24,0,0,6.18,0.385,1,0,29.0,1,2
66.29,1,1,5.13,14.0,0,1,28.0,0,0
79.71,1,1,11.14,5.116,1,0,22.2,1,0
77.52,1,1,-0.41,14.0,0,0,29.5,1,1
65.87,1,1,2.63,3.735,0,1,27.3,1,1
61.25,0,0,2.79,0.354,1,0,29.0,0,1
53.65,0,0,11.91,1.713,1,0,27.2,1,0
56.22,0,0,-0.94,14.0,0,1,35.5,2,2
56.74,0,0,-3.41,7.465,0,1,23.8,1,1
72.66,1,0,3.1,0.044,0,0,26.0,0,2
73.37,1,1,0.11,1.621,1,1,22.2,0,0
77.78,1,0,0.55,0.56,1,1,22.4,1,0
66.78,1,1,7.36,12.799,0,1,22.9,1,2
79.43,1,0,-4.12,0.78,1,0,27.6,1,1
68.83,1,1,7.93,3.233,0,1,29.0,0,2
50.39,0,0,6.25,7.161,0,1,25.9,0,0
69.2,1,1,6.54,11.003,1,1,25.8,2,0
55.82,0,0,1.28,0.926,1,0,34.9,1,2
75.41,1,1,7.19,0.175,0,1,23.5,1,1
58.64,0,0,5.99,5.178,1,0,29.5,0,2
77.01,1,1,0.76,0.331,1,1,27.3,1,0
72.94,1,1,2.2,6.622,0,0,40.1,1,2
69.82,1,0,3.8,13.915,0,1,20.1,0,0
55.84,0,0,2.77,8.29,1,0,27.1,0,0
63.02,0,1,8.36,1.158,0,1,28.4,1,1
79.7,1,0,-0.32,2.2,1,0,26.6,1,0
73.62,1,0,-0.07,1.416,1,0,20.3,2,1
67.94,1,0,-7.28,14.0,0,0,32.0,0,2
53.05,0,0,2.85,7.976,0,0,22.0,1,0
79.27,1,1,-1.75,2.322,1,0,25.6,0,1
66.28,1,1,4.62,2.21,0,0,29.2,0,2
68.6,1,1,0.83,2.695,0,0,19.9,1,0
55.91,0,0,3.26,1.528,1,1,26.8,1,2
51.3,0,0,2.4,3.873,1,0,30.3,1,3
60.79,0,1,2.97,7.229,1,1,30.8,2,2
75.93,1,1,-1.51,3.651,1,1,26.1,1,3
51.93,0,0,5.59,10.357,1,1,21.5,0,3
52.2,0,0,3.38,14.0,0,0,26.3,0,3
73.02,1,1,3.33,0.764,0,0,24.5,0,3
65.26,1,1,-8.2,14.0,0,1,30.6,0,0
74.26,1,0,-1.06,0.858,0,1,27.9,1,0
67.36,1,1,2.34,7.264,1,1,32.0,1,2
61.47,0,0,3.07,9.361,1,0,23.6,0,3
72.37,1,1,1.35,1.989,1,0,22.2,3,3
60.26,0,0,1.3,3.094,1,1,26.1,1,1
65.26,1,1,7.99,4.732,0,1,26.9,0,3
69.82,1,0,4.89,3.949,0,1,27.1,0,0
79.55,1,0,2.04,5.135,1,1,32.3,0,0
70.32,1,0,1.26,9.13,1,0,23.0,2,2
75.82,1,1,-4.61,2.898,1,0,20.9,1,2
68.22,1,1,9.47,6.011,0,1,30.5,0,1
59.24,0,1,8.85,1.489,1,1,29.1,0,0
58.17,0,0,6.05,6.337,1,1,30.6,1,1
70.92,1,1,1.09,5.363,1,1,36.4,0,2
67.74,1,1,2.04,6.179,1,1,24.1,0,3
57.66,0,0,1.01,4.222,1,1,22.8,1,1
76.93,1,1,6.23,1.936,1,1,22.6,0,2
52.27,0,0,1.53,1.689,1,1,26.2,2,2
55.31,0,1,5.2,10.324,0,1,27.7,0,0
60.81,0,0,0.18,5.697,1,0,33.7,0,1
79.52,1,1,13.76,0.418,0,1,24.1,0,0
58.65,0,0,3.18,1.638,1,0,28.4,0,1
78.74,1,1,9.74,1.364,1,1,32.6,1,3
79.86,1,1,-4.84,0.681,0,0,29.2,3,1
75.02,1,0,4.29,0.061,1,0,26.9,2,1
60.44,0,1,5.93,0.912,1,1,26.0,0,1
64.46,0,0,2.01,11.113,0,1,24.5,0,3
56.84,0,1,1.74,9.464,1,1,28.9,1,1
60.91,0,0,5.77,6.024,1,1,24.3,0,1
59.42,0,1,6.53,9.489,1,1,29.1,0,0
67.19,1,1,3.08,14.0,0,0,20.6,2,3
52.26,0,0,3.21,14.0,0,1,19.9,0,1
77.06,1,1,0.14,1.391,1,0,32.8,1,0
53.95,0,0,3.12,1.193,0,0,22.7,0,0
61.96,0,0,-1.23,3.51,0,1,25.8,0,1
69.74,1,1,10.5,14.0,0,0,23.5,2,1
76.46,1,1,2.62,3.086,1,0,28.0,0,0
61.71,0,0,1.84,5.563,0,1,28.5,1,1
78.44,1,1,1.07,9.244,1,0,27.3,2,3
61.08,0,0,-0.18,14.0,0,1,20.6,0,1
74.7,1,1,2.63,14.0,0,1,24.1,1,3
73.11,1,1,-0.54,0.162,1,1,29.6,0,2
75.24,1,1,5.95,3.04,1,0,28.3,0,2
66.45,1,1,4.05,3.528,0,1,22.8,1,3
51.03,0,0,1.73,1.333,1,1,21.2,0,1
74.68,1,1,9.13,1.296,1,0,30.4,1,1
77.11,1,0,-4.19,1.716,1,0,22.2,0,2
54.84,0,0,0.42,4.38,1,1,26.6,1,1
76.32,1,0,5.05,0.6,1,1,19.3,0,2
62.1,0,0,4.46,2.666,1,0,27.9,0,1
69.3,1,0,-2.13,2.841,1,1,22.4,2,1
68.81,1,1,1.09,5.72,0,1,27.4,2,3
75.42,1,1,5.01,2.285,1,0,20.2,1,2
74.68,1,1,-1.3,4.096,0,1,22.8,1,1
64.35,0,0,0.36,7.838,1,1,28.1,1,3
63.09,0,0,6.51,4.679,1,1,24.1,0,0
58.42,0,0,4.06,1.44,0,1,20.0,2,0
69.58,1,1,4.84,14.0,0,0,23.9,0,2
